rowname,PC1,PC2,PC3,PC4,PC5,PC6,PC7,PC8,PC9,PC10,PC11,PC12,PC13,PC14,PC15,PC16
FR_02_02_01_EBA-2,-0.09024134885092248,-0.13272258743203846,-0.005742179852423168,-0.08875031988336296,-0.00711291945300071,0.0226762051954786,-0.009098572708660836,0.0022550905436600445,0.022361587701291184,-0.038540314673817314,-8.816169434944435e-4,0.0011912262343635955,-0.009264694577876422,-0.02436745422786645,0.001880152860976795,-0.005699715544134917
FR_02_02_02_EBA-2,0.010022902847513084,-0.10172595690286154,0.05531105113148035,-0.09715514482769454,0.007353041822574708,0.022159829269884763,-0.007160405361388665,-0.007466575911429787,0.008873106945718474,-0.0053549359664979215,0.005111410302174535,-0.007749624501305412,-0.005824151349113512,-0.004946323325244485,0.004348864753193134,-0.007467741456690914
FR_02_02_03_EBA-2,0.1356537504106581,-0.09019231837964886,0.03826937812692998,-0.0453307498148661,0.010047065397280338,-0.024373692064533225,-0.011411215021658152,-0.013844009737338897,-0.007722430930278956,0.01931470457104392,-0.008785538118131903,5.64636934998116e-4,0.0029473780378798512,-0.00322113616227594,0.0037425546928836445,-0.010298920605700819
FR_02_02_04_EBA-2,0.07944493571539807,0.010529974751136801,0.0206581978353109,-0.06416740029451927,0.02355628674236167,0.020293575159797805,-0.02490954485470251,-0.039309345613668716,0.013668679953232113,-0.007751221585002627,0.002410485224102485,-0.015464263298230738,-0.0027949805161136044,-0.0022354057249596338,0.013324933464061,8.726819872864187e-4
FR_02_02_05_EBA-2,0.09489425352500568,-0.06387071516764299,0.00611943619692984,-0.0583432415953893,0.017508177183729753,0.0731561003270708,-0.008138596747463488,-0.03622675918227283,-0.0063788834639285415,-0.0061029718291498915,-0.0012588119157277552,0.0028036837819638365,0.007888036032457602,0.002593068868638533,0.0051848697552561215,-0.008925992191655031
FR_02_02_06_EBA-2,0.0473482413925995,-0.08059594287670072,0.042935199147649226,-0.08368401636895091,0.01079302351860313,0.02079074740607816,-0.004670744505228656,-0.0033188307660190408,-0.004403979167264797,-0.0037417056956231894,0.0014387816224470476,-0.004399190097948607,-7.357730713976402e-5,0.0015054556813162143,0.00724689058137096,-0.002714854706844526
FR_02_01_00_EBA-2,0.02751947804126871,-0.060595062429542546,0.039365404617474474,-0.07807985193415105,0.018297169375873664,-0.010003438407761365,0.02510769109804769,-0.002884833496277335,0.010740668935141334,0.0037499656448531865,-0.014536953867511677,-0.005765654426355012,-0.006687746534224955,0.003733558352093425,-6.725769433045479e-4,-0.0030054192066151925
FR_02_10_00_EBA-2,0.09815260988504126,0.008095076207043153,0.020239920691461476,-0.06491905768687957,0.014121619988084581,0.004676643152392881,-0.02115821606887649,-0.008903435825773026,0.010198190902405983,-0.004834009124425775,0.004535594188873489,-0.008475894347841994,0.003784060415839733,0.00923014137137489,0.011668205539924115,0.006990220293223729
FR_02_11_00_EBA-2,-0.04530542709173655,-0.04556472920228697,0.0019795553770343235,-0.07545214213656834,0.027023240940285548,-0.01323662356066095,0.011130438567128111,0.0031726030159093953,0.028253858951741623,-0.021537922206946156,0.01364862730537065,-0.0021815966422153274,-0.015466059201431223,2.5351174898084885e-4,-0.003064153768361603,0.003654828602286099
FR_02_02_00_EBA-2,-0.03251172443488533,-0.034779142363624,-0.007791893106913185,-0.0767722917951381,-0.012626106651288493,-0.027924668122258217,0.016687430556182395,0.01159747166976117,0.01577528942028383,-0.0093433899197718,0.00787096601392812,-0.0040209038253343965,-0.01446516883631263,-0.0075726132532092615,-0.005734647545094981,0.0048215571496509025
FR_02_03_00_EBA-2,-0.028238137729414886,-0.09859274476931859,-0.04941864390156815,-0.07597804668283058,0.017038187332595902,-0.006044000679994869,4.885504225008318e-4,-0.00858218275215056,0.01607457475546375,-0.032478017744513275,0.009815423324493765,0.008827356364484293,-0.01300465582828978,0.0016085633431981296,-0.009037327595450445,-0.014034668474285738
FR_02_04_00_EBA-2,-0.07733865955814913,-0.08670020091414148,0.006606161731334824,-0.0928978533005562,0.004900957727949468,-0.009694870677864917,-0.007394262302953893,0.02000359137918218,0.017552884722271917,-0.0325203681487619,0.013766231811970328,0.002956227058849231,-0.01869796508999613,-6.77857230291573e-4,-1.5920101289296692e-4,0.0045546720018781505
FR_02_05_00_EBA-2,-0.011843762494004291,0.038057321299880244,0.030122371004889376,-0.06919525612735039,0.016016321956209525,0.011070547223561532,0.02388025498296687,0.010866263843327395,0.020454068700445256,-0.005836354937770799,-0.011174674451550357,-0.012803261157629317,-0.0035203589849659486,-0.0012710144941010986,-7.585786107393457e-4,0.00540413064209442
FR_02_06_00_EBA-2,0.09049480824754762,-0.06987828250723595,0.016050352847390034,-0.0757524077821376,0.004821080345955321,-7.639766371250526e-4,-0.005220600103114848,-0.015358524596346053,0.00727623007378744,0.0028482858517787984,2.2181620893006923e-5,-4.4155634127811526e-4,-0.00555215298298203,0.0015123820404063925,0.0077536778872667024,-0.006440124201769441
FR_02_07_00_EBA-2,0.012627803090148843,-0.14360263367950227,0.03671248972797157,-0.104026745403373,0.014842964358009404,-0.020965313537993902,-0.0027916341500178426,0.0023187011516751736,0.005517183533319855,-0.010372504060460867,0.009952895011688568,-0.003327383749683046,-0.014821661060422186,-2.647531049472641e-4,-7.038664198913409e-4,0.0016571835151215318
FR_02_08_00_EBA-2,0.0669102277000563,-0.15606116445103346,0.061385380144455264,-0.08023068614774254,0.010690828484850727,0.06437708092019584,-0.0021699653030408917,-0.018342868597664392,-0.007944379079234155,0.007005743510151365,-0.0010550252021332678,-0.005977204682849602,-4.3346501665580636e-4,-0.008681162706733286,-0.0029485608407621615,-0.004945795522188475
FR_02_09_00_EBA-2,0.0838857674298127,-0.04362435718144979,-0.01219421977331883,-0.06586267850432649,-0.009545484209769806,-0.005774148891578023,-0.020337937994836477,0.0027609855336050205,0.018480433719078367,0.0014188865101577124,-0.0017644241339375103,0.0070604581749973885,-0.00349965072114612,-0.005853315568046589,-2.1936362894983455e-4,0.0042079399722447465
FR_04_01_00_EBA-1,0.06237165656038338,0.05652441808195,0.009858119226991922,-0.03284016752933074,0.013009279082472517,-0.04991642680184257,-0.0034083324456688976,0.022484813429468384,0.01411794574244977,0.020953170015714978,-0.023176194992267158,0.010387116943985744,-0.013178036454898817,0.025169544545514653,-0.010771373379428148,-0.005453704382797634
FR_04_10_00_EBA-1,0.08538933804855099,0.04446337878554742,-0.08280490174668911,-0.03975223870246075,-0.06279302463300959,0.0453246985295393,-0.01888646828628437,0.040205446836167086,-0.0018851107894471107,-0.024740858860934394,0.02894685488745808,0.012682013277700962,0.0013128700312517877,0.0033960687525216382,-0.002392825310542834,1.335281493434738e-4
FR_04_11_00_EBA-1,-0.009452665431566106,0.04000612630916384,-0.005948574142338909,-0.0608662976312371,0.023814470512305376,0.04317040818436269,-0.007962754877354015,-0.02941393341162818,0.01157191696174508,-0.013166800823104044,2.377542748963886e-4,-0.012904483086998762,-0.014117356920492199,-0.013745411211104386,0.004183347865292063,-0.010782601605115504
FR_04_12_00_EBA-1,0.10170293139019067,0.02803804045740896,-0.072196052183744,-0.03456681033024206,-0.0043911299900743625,0.012680526407128906,-0.026158565949726775,-0.006357106337900751,0.006798070060553497,-0.006560426862118205,0.01794810608102272,0.013303188935423621,-0.008327130737680285,0.0019375886389561689,-0.005186293551856654,-0.0184903610582919
FR_04_13_00_EBA-1,0.1418417067332828,0.04201983919265339,-0.004338782270627335,-0.036284728754262516,-0.07253977948735688,-9.87804957021584e-4,-0.04244573036578074,0.04189898373806489,0.008365217391232593,0.014016214046706927,0.004458446745109444,-0.003437420715220926,-0.007020082005584927,0.017097026265406753,0.0014689380031368672,0.009162819334553597
FR_04_14_00_EBA-1,0.10801646317981527,0.0979901612820449,-0.008902298185801023,-0.02347555736286336,-0.016926180111493053,-0.027203033406324673,-0.033582836897299295,0.015067388781820193,0.00907474167770432,-0.0023031683280468006,-0.013864815853994497,-1.5191731837623011e-5,0.004194477144943289,0.026749630546256502,0.012484102675971834,-0.009819715219997888
FR_04_15_00_EBA-1,0.034360915285008356,0.019118571226695236,0.021282971104503896,-0.0689585015619953,-0.043524947722504904,0.033332561139331154,-0.03315507302853458,0.022753933314067373,0.03386089436854445,-0.00837906022620675,0.006133747099980098,-0.01937280965375969,0.0028071071856705103,0.007072509908428754,0.006166558615016846,-0.0057200198764630564
FR_04_16_00_EBA-1,0.07135346562910955,0.07275647759909556,-0.02025286695084075,-0.03495966458252242,0.012081671550973455,0.018954066716668144,-0.02538889165291483,0.004542668618863262,0.02045742432378966,-0.001030111654877578,-0.004554280097963136,-0.003845629422021992,-0.010605533789332232,0.011502490269876587,-0.005364921774442497,-0.003097694754953405
FR_04_17_00_EBA-1,0.08781100581059532,0.086022730850294285,0.046733094837849896,-0.0288811832387005,0.043302857563250544,-0.05155788767658021,-0.010646287846550778,-0.03270062355454456,0.002363285300944094,0.004048988550828195,-0.01927431448739915,-0.016856516076794364,0.002914029931773477,0.0012417785859289486,0.012558280885189569,-0.014678022734686685
FR_04_18_00_EBA-1,0.07631620408351752,0.1454267197326652,0.07860651805666678,-0.013310889485495215,-0.05697655572501541,0.0926053914038196,-0.03354872152740305,-0.03181390728320862,0.004663432825294221,-0.014220723505466075,0.004964954040000699,-3.8134389422489224e-4,0.012893382917157175,0.021479244608887286,-0.017201161381626633,0.028249333918980966
FR_04_19_00_EBA-1,0.2797274378326297,0.12901192593967575,-0.07184025937126345,0.05381686259720573,-0.056954444433653155,-0.00840732344528213,-0.029537189486611742,-5.708283971726288e-4,-0.004767050445485476,-0.008456338173877755,0.03053344475266593,0.0016787125193980126,-0.017555829015185292,0.001036656667240469,0.011327154080669796,-8.339347298999471e-4
FR_04_02_00_EBA-1,0.081005035133219,0.04096424161039977,0.01658974607046904,-0.04785019435322986,0.0064684532806853585,-0.022447469405839512,-0.04189248878324135,0.034816516865066184,0.012813705697592,0.008232717548595727,-0.0011586220615217037,-0.006450207941966038,-0.010539529288489264,0.027987464341327192,-0.00350522818094356,0.0024894200237651864
FR_04_20_00_EBA-1,0.02391091367858643,-0.031899840057791194,-0.04499935761965199,-0.051442309564939163,0.04469255660289417,-0.028848551875229788,0.040753994128619284,-0.00427344077442213,0.005042719976502431,0.0016212851823355157,-0.028151319041161894,0.018532080789431044,-0.016117990128193163,-0.005697689382159175,-0.014417803342258468,9.305283099931162e-4
FR_04_03_00_EBA-1,0.04738745522246409,-0.01776829137983077,-0.0642507332925813,-0.03231110974990051,8.544376413646606e-4,0.05389190638700621,0.010278180772996996,0.008391218888882992,0.015030401502201664,-0.00955556003583991,0.0017332256630327074,-0.0011849341921342784,0.016461142917526324,0.003132220930974843,-0.0016155660615819454,-0.02683249244164579
FR_04_04_00_EBA-1,0.02661934759238252,0.03098606463894016,-0.00514224311849982,-0.049466149404120446,-0.008423433119676955,-0.009704039933578814,-0.0038526807544157684,0.009969697573124412,0.03422394900824637,4.785636194668873e-4,-0.016054185562083944,8.343534117896733e-4,-0.007755477278943677,0.004835175731975295,-0.003287237678696566,0.0038159534464330632
FR_04_05_00_EBA-1,0.07318184229852452,0.0544202197863682,-0.0324281233999414,-0.04601168688786648,-0.02126828692064665,-0.04304534578938719,-0.04514895822260119,0.009700875282361885,0.027379089177323346,-0.016799379783993935,0.0011494388715400721,0.0039379750204718515,-0.00981052033398325,0.0183140207914901,-0.0033714796161696987,0.0022329592055108137
FR_04_06_00_EBA-1,3.160918955563912e-4,-0.02486007145004406,-0.020773271047316327,-0.04702101133396314,0.028913320483420712,-0.06972717260812487,0.04091716821659165,-0.004963570832610363,0.02081914837453089,-0.007089543613605486,-0.019850153649470254,0.01358247820291158,-0.01900028893450181,0.01722635694635759,-0.01107974949882734,-0.0070092959730557606
FR_04_07_00_EBA-1,0.06636469644622331,0.030053278146561366,0.019109346901020532,-0.05820138929592059,-0.007173478124833482,0.013549746700017733,0.004037920379017247,0.016555735520613665,0.00740867219262349,0.013285296833248202,-0.023515755986317884,0.012962072107767437,-0.01310202024696192,0.01648201444388209,-0.009280372271069457,-2.797902073862982e-4
FR_04_08_00_EBA-1,-0.03890980408617397,0.030610788952626762,0.012234358549282093,-0.045949851037859604,0.05820010921884566,-0.11021616505810977,0.047731912983709664,-0.02285057080732438,0.014437614261184483,-0.013289726565757432,-0.00918116188979987,9.004688071430826e-4,-0.008771517389617508,0.0012403709663258173,9.782108243218545e-4,0.01804686842522425
FR_04_09_00_EBA-1,0.018223767580831954,0.025426619133585765,-0.04763730419798775,-0.030513132547591137,0.01975498048258593,-0.08862428111783377,0.03655109277292117,0.012844970316959683,0.011325357256528872,-8.366610254534836e-4,-0.010716527032598679,0.010684726672463191,-0.011104405418259763,0.028034429012913985,-0.011559640135135978,-0.002078988591978736
FR_20_02_01_EBA-1,-0.04173022511074687,-0.011897735898093426,0.009547236380146637,-0.0755808116383314,0.005759083047052226,0.006629704272483858,0.021478450865197632,-0.019636950465328172,0.02634053094020807,-0.021131885254903903,-0.006427501379890092,4.5937658561012685e-4,-0.005720694278544698,-0.01939460740348764,6.563372057112921e-4,-0.004856302823129734
FR_20_02_10_EBA-1,0.16309126086593004,0.03023952619718979,0.02225795790060405,-0.004117685260892557,-0.005615266067772043,0.012256579065477198,-0.021866745812617452,-0.02614163387514029,-0.01368763513069167,0.029863555373249206,-0.01351741672445963,-0.00773165331397962,0.0069640874375481755,-0.005097732292053376,0.010801886162191006,0.007110921243870476
FR_20_02_02_EBA-1,-0.09390541291229322,-0.0615823645710092,-0.009993045483106311,-0.06706729330305314,0.009724576072230977,0.01937045858441454,0.00962069331567992,0.016961449091279585,0.02682888658217709,-0.013619587099427382,0.005013305314707085,-0.006227891795528966,-0.019808882313879235,-0.00787874689332307,-0.006834751755197994,0.0021090915196128423
FR_20_02_03_EBA-1,-0.002325265636720003,-0.022914327572340576,0.04379437737128867,-0.09185703962954207,-0.008372628068045139,0.026790939531960677,-0.009289542302233349,8.796155610260743e-4,0.012830663836377834,-0.010026864924486997,-8.920455958293544e-4,-0.008602091775232433,-0.00854928663311198,-0.005288106454797052,0.007224537070040265,-0.0012313083045257013
FR_20_02_04_EBA-1,0.05070859792834897,-0.02514227583057706,0.030190389863238132,-0.07009950976468439,0.013387483124545348,-0.011743901155894767,0.008990194912750894,-0.0043455883103194525,0.018191631674901437,0.010544805340778767,-0.007285531569407407,-0.00840053082856971,-0.003017242782003054,0.0031325662992078146,-0.003048644039082009,-0.0018744435743820354
FR_20_02_05_EBA-1,0.09062246293128962,-0.05352118785689731,-0.029675111264381906,-0.054799604769856736,6.181554286798215e-4,-0.03508156795554294,0.0058081282314167955,-0.003732327505266233,0.016222649431504484,0.012162372239673591,0.00191556188102296,-0.0018664076884710218,-0.003138058353675784,-0.0025045956298068214,-0.005291577145778787,-0.0012850096067416406
FR_20_02_06_EBA-1,-0.1037644748798005,0.10697318887324421,0.1404765763406745,-0.061377838406459384,0.018333450452856195,-0.018650238172899184,0.01893990378800225,0.025438746337880336,0.0020603944767235765,-0.018244561480543684,-0.012692922225085243,-0.008369410906936227,0.0015814910100529205,-0.0010946812404015755,0.011146446114426438,0.0057904654353736805
FR_20_02_07_EBA-1,-0.020319149994058306,-0.02235336034328717,-0.027390733398579652,-0.07351916237934653,0.02918600660796025,0.007916255632398932,0.008859799111882238,-0.003061969440047276,0.016435884819168408,-0.025513091120480575,0.014126656316811714,-0.00458583707164774,-0.0029256249765796196,-0.007427831197194115,-3.555570078204888e-4,-0.0037483533429361437
FR_20_02_08_EBA-1,0.024195061168396568,0.0019278995786616159,-0.03720113734601644,-0.06411600252330937,-0.01417690995135152,-0.007298450400578577,0.006252720675877144,0.0089839167085162,0.021367160117507042,0.0012053830860066666,0.003638224260680509,-5.302057820422382e-4,-0.012206797104314368,-0.007344479725212373,-0.00888129843074153,0.0027300902185665534
FR_20_02_09_EBA-1,0.1207647091843995,0.13555081247943748,0.01268973158397587,-0.019995419878113502,-0.019435415276757576,-0.0018089844413179338,-0.0201752910737463,0.015016395063056564,-0.011793063466689757,0.004562902756221961,0.004941792712846228,0.003676144965845195,-0.006517366800619287,0.02284301563106684,0.00994123320510194,-0.0025163666128318702
FR_20_01_00_EBA-1,0.026535785389485676,0.059952614274334334,0.04630060358535806,-0.06500365155318713,-0.0018760863633502103,-0.012984208305823306,0.01834164358158276,0.009321190711306581,-0.002843331090928272,0.0021908345578646477,0.003129936644472357,-0.003847214051073841,6.388410550841923e-4,-3.621371597143993e-4,0.007701155456755903,0.00513903923209506
FR_20_10_00_EBA-1,0.17718675864357394,-0.04940265759107646,0.03607980610220361,-0.020701241105687374,-0.015674816913805723,0.030707064262712396,0.015469778701843155,-1.7687779989050974e-4,-0.019906018921918414,0.0232717909623655,0.00806170344720535,0.009427551600102429,1.1381742226271074e-5,0.004551655090761361,0.012434707571225738,0.001953783229311664
FR_20_11_00_EBA-1,0.007101247083667995,-0.05492199434763149,0.028829460594020778,-0.09026754130469718,-0.005863985214903476,0.020741150439650937,0.001158096155634537,0.0016694539424784818,0.017094684218197938,-0.007792923668369308,-0.002519685927170381,0.002127846849996846,-0.0040138959297761675,-0.005420875030006594,0.006207787420165932,1.7010234163438923e-4
FR_20_12_00_EBA-1,0.03147874962763526,-0.020513627637912212,0.015179932819552367,-0.0697315626052692,-0.018981895538049614,-0.002651458908718084,0.025460520669781776,0.023056069448183128,0.003802959549930616,0.007883652786064456,-0.010694322486243165,0.011468083360500633,-0.006806994624994851,-0.004494966663268094,-0.005234335828572918,-0.0029394222182214957
FR_20_02_00_EBA-1,-0.00896778683879313,0.026655913017967714,-0.02838253459030248,-0.05474354943357726,0.013830415167452986,-0.0362887772697921,0.031047182020478264,0.012569659132694326,0.021179339284756602,-0.016463447657339304,0.0028822745128808135,0.00553162181473967,-0.005034028764589602,0.005269644888635102,-0.006260862819092289,0.005928907915799255
FR_20_03_00_EBA-1,0.03511936144811632,-0.017585528155158896,0.017353986396824776,-0.05253769960431228,0.029757476028526724,0.03304639848047574,0.03450082263461902,-0.014355647296644783,-0.010945402996304815,0.010994476707194539,-0.014781336379218893,-0.004578777944913913,0.004220458025342737,-0.002054190761184396,0.0021818230631548206,-0.012183823737087554
FR_20_04_00_EBA-1,0.06253235573107431,0.04495605765417802,0.01593882917020877,-0.04149852113244352,0.003191447480790835,0.042668131527030514,0.016750841220298535,-0.009578155900537831,0.024255110856646857,0.010244373833324287,-0.021814430796855,-0.004738338898842885,0.005289579775841279,0.011431561697239821,-0.008215177501617361,-0.00348666477499839
FR_20_05_00_EBA-1,0.23119641418637105,-0.006106485213596567,-0.010275797178818161,0.01205135867867655,0.01512414586742936,0.013171755986203508,0.009210834157643682,-0.01669555749482067,-0.020583620867602515,0.014147040753326455,-0.004452152507564539,0.01322376787614313,0.005670186301109223,-0.010861179593928667,0.017535015407024825,0.00971053624052981
FR_20_06_00_EBA-1,0.2889866495569688,-0.005614159352691839,-0.017204796559135083,0.04652103344369633,-0.03184794658920556,-0.01940016783761344,-0.024305635319732944,0.012936809251630921,0.011511258346344788,0.026912813578391384,0.006345226042814374,0.0022996816794190315,-0.00814955099840609,0.006789306223154711,0.007307117845680502,0.0017685041180736233
FR_20_07_00_EBA-1,0.15951443498682097,0.055674814537013374,0.028293493165370873,-0.020518624702972346,-0.010422331431862206,0.018896076940969415,0.00673238571448971,0.014355660763975323,-0.013707980822768806,0.011638775544606269,-2.1593579260278248e-4,0.012792195942955635,0.0038926974048216424,0.018701160265630606,0.013932725666984173,0.0068611042029498815
FR_20_08_00_EBA-1,0.09861848993194512,0.015432282713777348,0.007414893356666789,-0.039561597399993355,0.008077968502053492,0.023561905876005353,-0.002934980382923056,-0.016356501169042574,-0.009453703134057115,0.011540871898833986,-0.010022625048074404,0.005267963617833598,0.0068935662403706195,0.0033678641903112597,0.011407776721818527,-0.0012789392011371282
FR_20_09_00_EBA-1,0.11679906788493048,-0.012379554463855282,0.03862796990503799,-0.05203136384285589,0.007395751808386845,-0.012341232236028843,-0.016577106356179348,-0.012827473268538146,0.009076792492521675,0.010320216036628483,-0.015327484710546296,-0.008756970799036338,0.009172674779011727,0.006359391316528159,0.009366649087199133,3.7829646586913057e-4
FR_22_01_00_Bell-Beaker,-0.22170257999239448,0.22481138829190178,-0.053719257394852754,0.05763535976683754,0.015963270046058447,0.0074791129158549565,-0.001027786460565622,0.013095790778603985,0.04300953042000315,-0.011541628554168869,0.004514834249558825,0.019920784199335864,0.006176601127065273,-0.009850054297503534,-0.008940977237426472,-0.007488078124514671
FR_22_02_00_Bell-Beaker,-0.1480381850319215,0.2291812254568107,0.03616027183020924,0.019119346537371924,0.17809936972795284,-0.08782822023285125,0.08357500014647971,-0.0731046803583464,0.007197471930200705,-0.02861186892253524,0.06019164172762636,-0.013832525389636042,0.012131110526266906,-0.010564793311812674,0.00956898331993396,0.025826194098442567
FR_22_03_00_Bell-Beaker,-0.1804561872395093,0.19240189923336196,0.23192279587143722,-0.02032112471167177,-0.017130812201232817,0.055608306066516816,-0.12403031161564722,0.07259121513144567,-0.0020074945574950634,-0.009308268473979009,-0.006101688194289206,0.015191778895892016,8.143744516257375e-4,0.023050240875042562,-0.027611071185772128,-0.022059406627422472
FR_22_04_00_Bell-Beaker,0.10057290493816207,0.3026119566350058,0.03402097060520664,0.021455429879198545,-0.04766939728624721,-0.0627902354918516,-0.06478128543773025,0.0192513278965684,-0.02468102120356062,-0.014343419832645829,-0.009703829240701128,0.003670720661288978,0.009040026384838442,-0.036477736664337734,-0.006602463198590796,-0.009247339376643135
FR_26_02_01_EBA-1,0.17151964462188063,0.08704052141435006,-0.00855544919468921,0.0043790975747449055,0.03186346761735973,-0.03846675603961867,-0.001984299222399894,-0.016740389819767824,0.007512653201972928,0.022095794177419276,0.003998643636538357,-0.004191028501577296,0.0046494623951182975,0.008506883008290705,0.007228769070624871,-0.005603022291541896
FR_26_02_02_EBA-1,0.0934888389887572,0.09010383124377865,-0.013952958721307213,-0.037868216130076696,-0.02094609492236073,-0.013874565502643876,-0.032351841094882275,0.005995192257447313,0.022392660119980028,-0.0038947496198361306,0.008757237228509861,0.0017838945626188123,-6.865568650745841e-5,0.010513144770822118,0.005409860600988085,0.004404255188746763
FR_26_02_03_EBA-1,0.10165538850143842,0.017256892473679897,0.004049066665050263,-0.04917218156764116,-0.012035503846570919,0.021961116814613667,0.019171703058954544,0.01682703252973367,-0.011926072266754177,0.010275127791604468,2.1663541784393132e-4,0.007367016091447312,-9.853526294626943e-4,0.011529441515359489,0.003484245471372978,-0.005844516616881293
FR_26_02_04_EBA-1,-0.04649764603663294,0.016591504190089788,0.03405020937600135,-0.0634551588147842,0.010240051290039392,-0.0058714400217738105,0.023067063686872107,0.032325087986634686,0.020169517840088646,-0.002492536601153628,7.395129359096608e-4,-0.013217207774557805,-0.010243241711802143,0.0013393056562995664,-0.0056340919883134406,0.011849731586773066
FR_26_02_05_EBA-1,0.0361534875218231,0.13522045725622686,0.0791566494442449,-0.03606910529274794,-0.01556868686371999,0.019194589882267056,0.0017579492408102658,-0.019089407692274636,0.0014042612377025674,-0.010365521789741306,-0.04164156014466975,0.004672922601766572,0.02009560451193407,0.002607763946240152,0.0025817873065082683,0.014389238400238931
FR_26_02_06_EBA-1,0.15886323691002247,0.061138412900082144,-0.0992471631396855,-0.0055260459282387925,0.04141905031258355,-0.03797494740881387,-0.011593153246492578,-0.030448409539242226,0.016915472314983693,-0.004712743245133147,0.010377862878126864,0.019047766159760823,-0.0040703268323895574,-0.001203716190617051,0.003562671741362712,-0.005320910933535582
FR_26_02_07_EBA-1,0.08184794909700463,0.07599071506684998,-0.09057534578766623,-0.024321416414254952,-0.006913378423060599,-0.005289758612771767,0.0057209697934635035,0.016637762790972784,-0.0012984636265823296,-0.026883027917797904,0.01991153619566917,0.031412260821965285,0.003866912196970773,0.008658957507497692,0.004464840726087333,-0.01746362194922211
FR_26_02_08_EBA-1,0.036477033408142984,0.12544134489420244,0.022804829081367863,-0.04107683763104623,-0.011120885602807835,0.032856432502975506,0.017202699135206796,0.0217631053759129,0.008632999800310629,-0.011756226619927373,-0.01348067888296427,0.006763097299246907,0.024303051329846784,-0.004434038698790921,0.002514074316313229,0.012723118218015307
FR_26_01_00_EBA-1,0.11495180744424692,0.02266066114636787,-0.07938151646103124,-0.027222657329214788,-0.012354961980702791,-0.01826653360783689,-0.009908525580586348,0.004545905644890885,0.010954555475169696,-0.004694376831842882,0.02020283010776081,0.02077693591866127,-0.010915580758789328,0.016365648565467808,-0.0034529901351128176,-0.007117722370178577
FR_26_02_00_EBA-1,-0.028742964420078888,0.08519837342264054,0.05343425253895394,-0.0551962943596778,0.0509691112582663,0.00405297690410837,0.04612698337247321,0.013479104635441858,0.008610817876915177,-0.011570996439195708,-0.00829696671638123,-3.3999968090420656e-4,0.00663677593976519,0.005986031708096649,0.005165769676547728,0.005693532109917752
FR_26_03_00_EBA-1,0.11713219946261763,0.040944847946507656,0.030403774186656858,-0.03875730933402022,0.00728331788629218,0.01282337013361351,0.006063732861212521,-0.02143382631060277,-0.0048851221162528324,0.007727778905761663,-0.005646396797892417,7.166222411604137e-4,0.0034260574875451563,0.0025386063763759015,0.0038776261159765555,-0.0014890675627823064
FR_26_04_00_EBA-1,0.15989482733933505,0.04143056144075782,0.032118519052777246,-0.009503752373762853,0.002989135620488428,0.05603871203861182,-0.011017852784932305,-0.01922288953689758,-0.001352435938404147,0.008211315406209388,-1.003207403081176e-4,0.007517307982385101,0.005349247551557103,0.016474821824322083,0.004414974723819586,0.0074613149422335925
FR_26_06_00_EBA-1,0.10631445136168008,0.1707988335638947,0.02747529165410061,-0.00947415652804514,-0.011460565512440516,0.011251124011262409,-0.02903809061905837,0.0025189911591465297,0.018900962992563965,-0.008019434597732128,0.0027538846016772907,-0.0014106143794150113,0.015181443359015416,0.03593294161897442,-0.0038058830770223337,0.006433793493900735
FR_26_07_00_EBA-1,0.09555959212964357,0.14875632439774356,-0.04022059189240122,-0.01850559250789169,-0.029125367318721382,-0.06707753807691116,-0.052510772320431366,0.025658479676340717,8.405511861839678e-5,-0.007423620128245192,0.01299315700044399,-3.1549401124731546e-4,-0.009609010885161546,0.02301049300048376,0.005386757559177912,0.0021370373158393313
FR_29_01_00_EBA-3,-0.3317556536433672,-0.15475982653964995,0.00358767334252843,0.03783263332236565,-4.371215711337827e-5,-0.00219030583230355,-0.019774094330559655,0.02943095453657618,-0.032390923315382396,-0.01729482045264417,-0.041586106340562784,0.012369736826213923,0.005649517760539463,0.016476951303658748,0.01608372929496023,0.020290114625907355
FR_29_02_00_EBA-3,-0.29818682447357236,-0.17492031947091702,-0.041670811926064935,0.02572478864410931,-0.026766170206394085,0.0015042987549671386,-0.017403600768142884,0.0166493966109198,-0.03782789891582294,-0.036675517323094806,-0.030378514065265216,-0.014041927224984438,0.02388203894693753,0.007757008810816826,0.026637438587584664,0.029518940381341927
FR_29_03_00_EBA-3,-0.3031907567884535,-0.21883034352972924,-0.03956448731716163,0.018635126608275925,0.0343739124261203,-0.011013050436165309,-0.017295202002453224,-0.01090570598964953,-0.04398001534083164,-0.03996750954330765,-0.02761384580368111,-0.0020138768716375707,0.007596293569453277,0.016082566470352017,0.023192812627452382,0.02098800471400563
FR_29_04_00_EBA-3,-0.2958341268325999,-0.2120279398394454,-0.02844812380512104,0.010015389060425208,-0.04173762659154766,7.394275277455714e-4,-0.002056967708660188,-0.0037182732833666863,-0.04216584591238627,-0.04904419464062828,-0.030413165602486015,-0.007281848706637094,0.02564215471772376,0.012591381515352863,0.03422764309596685,0.01307723454654929
FR_29_05_00_EBA-3,-0.37653831119501724,-0.19901578736056602,0.05986091213439783,0.029186893558500272,-8.625748690232896e-4,-0.0047382936111201165,-0.02468151553415043,0.02540930255158193,-0.03109366496931482,-0.013543961154865098,-0.011177698502709488,0.00383574170540845,0.018655144701353866,-0.003132598426142833,0.024211268235889406,0.02983672032003348
FR_29_06_00_EBA-3,-0.35925575927595216,-0.23172901245156563,0.026489979396058773,0.02363849864688744,-0.007601811158807019,-0.006907076797973832,-0.015602712996087667,0.002212292909019256,-0.043742831000975535,-0.026676510588953314,-0.015353425248826354,-0.005342078457695803,0.02215827658407858,0.0018025331497249397,0.030333848500231176,0.02828663421300007
FR_29_07_00_EBA-3,-0.25620408253327265,-0.14177371777630782,-0.03868424104103638,0.0044125960627190595,0.016389962654051786,0.003356030413015645,0.01571940140539511,0.013265595117722198,-0.010640309144079829,-0.039711445930365796,-0.021146422139356746,0.010301919802569816,0.006620382812855405,0.0030603277439987006,0.008814132562646088,0.010974730190590299
FR_29_08_00_EBA-3,-0.3390386282071787,-0.20333231181419137,-3.9551417277381443e-4,0.029643798038102177,0.027090860400610667,-0.007769920300717853,-0.016879573878508136,0.017145884381855155,-0.03942036333275172,-0.027328979798167362,-0.025979906842694415,0.0029043727393330446,0.009887089564170037,0.013777796098246326,0.02314400603958441,0.023066606012227413
FR_31_01_00_EBA-1,0.19115826792789925,-0.03907765296063921,0.010904529105761545,-0.01347967595534512,-0.00462504918947497,0.04048788448115846,-0.017918305337576036,-0.021259491407454794,-0.0018363899909281357,0.025393167438259923,0.006955795124629977,-0.0038264973149828656,-0.00667546043044105,-0.005541714314913444,-0.0013905057510544875,-0.0012861344178960762
FR_31_10_00_EBA-1,0.1054904413117093,0.042326679530733616,-0.032272618947121426,-0.040725480583308056,-0.011704034948530027,0.02359432247841203,-0.0185436030679567,-0.013818605802467286,0.008210543063237492,-0.008711425155073347,0.007817428296054427,0.011989171105363948,-0.004515388480297365,0.009178485194945457,0.00697144488270638,-0.018114719055584948
FR_31_11_00_EBA-1,0.17734645494567078,0.026926525908225515,-0.0115564608567496,-0.0027042992075710427,-0.006144133034026063,-0.015088275307573736,-0.01858477093942771,-0.024143553564768248,0.0034989574809338084,0.02197819644624389,-0.010463415969846013,0.004323311758386037,1.7755849132068815e-4,0.004993902944665634,0.007359369867814631,-0.014087790261945477
FR_31_02_00_EBA-1,0.1862270349372209,0.020877456268438614,-0.006135532260649698,-0.01306518922079185,-0.006903436347320256,0.012057319252379059,-0.026021028092985843,-0.02513403276309512,0.002467059640917092,0.006398119348971818,0.004855117919528973,0.008890274522704288,-0.012033373269079084,0.013682533722234809,0.009193347657357603,-0.010843266473120273
FR_31_03_00_EBA-1,0.1787026806706928,0.012473117905144538,-0.02592705137965576,-0.025489518728232602,-0.006939915671312284,0.01754515792031465,-0.022130325340711618,-0.036133628803019964,0.009159948215354199,-0.0010631675612971657,0.007866224717530202,0.007352467643272108,-0.0024453411329151383,0.005784291159714322,0.012212805547182086,-0.006496544589686889
FR_31_04_00_EBA-1,0.10544326561714838,-0.040558685429503145,-0.04761522898290487,-0.04750916677119854,8.994889348211524e-4,-0.01572653825508174,0.012237225913704556,-0.003051592499237357,-0.01211003977604267,-0.01424385033866299,0.009096261424222037,0.023083053190359477,-7.956101877651569e-4,0.009356852014811377,0.006328359890544304,-0.011714643235234577
FR_31_05_00_EBA-1,0.20512932677240653,0.08241633576783518,0.022792382486498425,0.023213688941155577,0.01123539192524379,0.05428911835774397,-0.005067777454482098,-0.03857283065718453,-0.005710817985536029,0.006367271128601135,-0.005073718037105086,0.015115551070640384,0.002708896932868515,0.02320462416085999,3.6824588066081853e-4,0.006458685790045627
FR_31_06_00_EBA-1,0.09536875999761077,-0.004305105872804877,-0.043076738890769906,-0.051937631474754005,-0.0021895383481376654,0.013667452516859814,-0.02714586632850095,-0.004565417069715403,0.018464118496317464,-0.009874410106898726,0.015727367409163428,3.6944723844890674e-4,-0.002533087866633606,5.353326211151439e-4,0.004901903364724105,-0.01663621417766546
FR_31_07_00_EBA-1,0.20605734436499012,0.028935843180249093,-0.019926422463126273,0.004227322301124255,-0.042886980271391976,0.03015397008791187,-0.006831244878206392,0.0037954339916030162,-0.0028364198637922102,0.013347928646168095,0.014577290742001007,0.0057570335482184576,0.0030736825047778015,0.008643602482724,4.124464106045304e-5,-0.00483172673801352
FR_31_08_00_EBA-1,0.11927801138384622,0.05196519000627098,0.024015373935400042,-0.0359674108661004,-0.020317342009296187,-0.012518181207346475,0.005749479583652659,0.009539187923351532,0.0029095127855044397,0.014330910253061784,-0.017629336342492443,0.008093404801643658,0.013851852452706478,-2.656446604018987e-4,0.007113915984341392,0.007694863260319318
FR_31_09_00_EBA-1,0.1808806381669999,0.02758541173275077,0.012400435018809742,-0.00903967915182137,0.02358482570604009,-0.03492453536504488,-0.014853220761769313,9.22836396442877e-4,-0.009165578647527178,0.019469681815163228,0.007043048522624216,-6.051773359229507e-4,-0.0020740765768177236,0.00788948488885031,0.014695562703572878,-0.0018928963125621353
FR_34_01_00_Bell-Beaker,-0.2122897787580958,0.08060678134875593,0.18522870280390205,-0.05022133243155363,0.004763762060809847,0.03538487526572001,0.05140401921758339,0.02528237138371613,0.018291049374768473,-0.012631980463903097,-0.021329222294724413,0.011000225992776003,-0.0038843836982099264,-5.156883775337102e-4,0.007773046825807866,0.006783005472159897
FR_34_02_00_Bell-Beaker,-0.15534416279080218,0.10742191655182956,0.12744688814346597,-0.0592807027945666,-0.016366188994896915,0.049289710975492174,0.008321593862475128,0.009038582353036582,0.027549415432128695,-0.02864692750819222,-0.006304397595301994,0.009081071324348594,8.103951832781823e-4,-0.005316499087357693,0.014114806641155496,0.0011438434873968027
FR_37_01_00_EBA-1,-0.0865908334854842,0.07149150520672216,0.1454340907078987,-0.06587968252634216,-0.02227822085279513,-0.033825801082647086,0.045952613851949285,0.06061258230387362,-0.002553181140050554,-0.011230267447534012,-0.0018031347711872044,-0.02126522904627835,0.02224380083785122,0.003769998342538048,0.00395534650830085,-0.0018344287915145895
FR_37_02_00_EBA-1,-0.09023213407213215,0.04924823122557121,0.1435619305019619,-0.0658780514440237,0.006994082412934217,0.044971228300835706,0.052356024758073286,0.02987983302715777,-0.009331613305110282,-7.148724507273862e-4,-0.022681226555588345,-0.005632792521896725,0.0021490142530387582,0.004845662202701516,-0.006548128774161277,0.006123647443315418
FR_37_03_00_EBA-1,-0.04724177548083689,0.1307928312759725,0.1127850811056377,-0.04499727562355321,0.003042167928328523,0.008880879131275872,0.017103255745671397,0.028644523513831444,-0.004056094562234246,0.006374656711051224,0.0012112318322606167,-0.01632294480411415,0.0018836412276386821,0.01232764182656018,-0.00896699904068239,-0.0029633754982676713
FR_38_01_00_EBA-2,0.4821546154270386,-0.24972973434171694,0.2126583069934811,0.24007865017521365,-0.009013053373151203,0.01015013989176696,0.05016121292928156,0.014192952204231142,0.02963355850400639,-0.04868864495671887,-0.026553848937084106,-2.355560491647303e-5,-0.011866993300152383,-0.0026701963585848273,-0.011353957056338264,-0.01726128316927315
FR_38_10_00_EBA-2,0.22575468990622444,-0.3289144846755759,-0.15473945961474017,0.0261818123680483,0.07303441511757762,-0.0038925575731719023,-0.019941053879074543,-0.04351639689078533,-0.013292657436999098,0.0018949616872970519,0.02748160386630377,0.004618717077991235,0.018921995658819076,-0.027565960287566554,-0.030256618112893072,-0.004939865074003736
FR_38_11_00_EBA-2,0.2593365696291476,-0.24878510319847172,0.07565685102307644,0.002702184659407592,-0.02748515422279639,-0.022051324420644194,-0.00772292714630766,0.020939751740641478,0.015153058772251368,0.03982328867866975,0.006260707126583589,-0.014888342666635222,0.014224951286526065,-0.004820264815447796,0.002828896064661266,0.014267005759301284
FR_38_12_00_EBA-2,0.2428572729707553,-0.23101687033761326,-0.09781323962986632,0.003149448458530605,0.022364188232609813,8.981602911295895e-4,-0.03494583949863202,-0.005358637680535769,0.016469817317144305,0.0166809719910039,0.03682947368115536,-0.0014719687887353786,0.006880849814069879,3.218837931911247e-4,-0.02005045013067667,0.002711466112132372
FR_38_02_00_EBA-2,0.2965970590485789,-0.2897267173323205,0.030338801992845787,0.035731060550923774,0.024454988241429547,0.008085257491892643,0.01873226990714327,-0.04074865311021239,-3.474298348626099e-5,0.033066321520317445,-0.019482380284288243,0.0038209454765301535,0.01623821688857947,-0.0200095219486767,0.007020720850921413,-9.008943636877761e-4
FR_38_03_00_EBA-2,0.3276447370492599,-0.26384184489766094,0.14249292672748753,0.08589089245094166,0.0792420306066148,-0.06783499951870672,0.021754999844045893,0.008130619404307694,-0.003758049349054031,0.028455585459973037,-0.043847508162058825,0.0074999077102859,0.012337466483801731,-0.007012052470103476,0.013008618282189303,-0.01519930013960123
FR_38_04_00_EBA-2,0.3353768885951482,-0.2618541022916594,0.12400532172694056,0.07511096555914858,0.013673578973887502,-0.020329176471175513,-0.005511926054079833,0.03563986184731174,0.006696954613193774,0.017245242746208412,0.01882883194471849,-0.009200309563242871,-9.0653976742479e-4,0.020555813081045867,0.006896887772415711,0.013756021305466135
FR_38_05_00_EBA-2,0.12027277335446003,-0.1995517654438018,-0.0955599805300109,-0.04480163536457663,0.06820198122895253,-0.007409894571061692,-0.012971055333765349,-0.03274433412980919,0.0044076658047858645,-0.006135875696664613,0.01492445707626199,0.004960828526703305,0.0015804563194546269,-0.009760929602710581,-0.020390098308954635,-0.010615934457407408
FR_38_06_00_EBA-2,0.3898303748093898,-0.31933102221938336,0.22099267939909653,0.15678601083439478,-0.029729412378581586,0.028844225111106635,0.06483007876549526,-0.01893677521011223,0.006719980838807361,-0.017107349104017972,-0.01801677560216491,-0.008018728266325846,0.004787324624498647,-0.0027721156302092844,-0.007458655748590306,-0.004206667771447297
FR_38_07_00_EBA-2,0.3979486272091869,-0.26819128336447673,0.1714523064208124,0.13326411336086866,-0.0023611161112740155,0.022658223924021798,0.03501312332554079,0.012166188490386353,0.0062648200945079145,-0.005703055528578612,-0.001953178680211524,-0.006647901490374281,-0.001380644649523735,0.014286244994460778,0.003501825971457862,0.0036536199575334253
FR_38_08_00_EBA-2,0.4291824396635017,-0.24802844657235854,0.19160463231551553,0.1772119900443353,-0.016255141011868764,0.013571045152249477,0.03462648898690231,0.03973556675305488,0.019786673039922976,-0.025927083346902403,0.0015942177697388406,-0.017510956297018748,0.004521396364342866,0.013602256501982851,-4.2631140995585205e-4,-0.002473283780593971
FR_38_09_00_EBA-2,0.3513815109263535,-0.25886177648063136,0.17253486253399902,0.0979102089143964,-0.006093776067408589,-0.01211261268020355,-0.010838640869903765,0.04518051668673845,0.008753950277223432,0.014053005470040177,-0.002395592303951413,-0.02546189184240252,0.011083603268797905,0.011656895083458822,0.005471373916376247,-0.002091612131705108
FR_39_02_01_EBA-2,0.2526070456671215,-0.2834620339292167,-0.01991754118393693,-0.008518915149630334,-0.011785124380412178,-0.04426910829644562,0.003176977875625513,0.021142177357646917,-0.002151108304684998,0.025090572698565124,0.013367536613190041,0.013210548553423011,0.005386958625533494,-0.009330918534939869,-0.01383350582674344,0.009131164084584443
FR_39_02_02_EBA-2,0.37885479049023857,-0.2619779669870335,0.12796078490721885,0.10144609727339263,0.005631283365776353,0.001240383690127148,0.020781771039598856,0.007017249043336834,0.023227135521026412,0.005387532899122041,-0.010999346912875463,-0.008200456195020496,0.008741758041216435,0.003383869293939061,0.013000879147301208,0.0066372859843417484
FR_39_02_03_EBA-2,-0.0518237194214204,-0.3071189596828862,-0.20291672607369154,0.0037404516530342383,0.030148444524734093,-0.015320208347121783,-0.0821787156361169,-0.021396937896521695,-0.04114545144334648,-0.04697442095491739,-0.030376716828560885,-0.025550911726010893,0.012498903929206943,0.026388096080508603,-0.013506455325300287,-0.006744075670664593
FR_39_01_00_EBA-2,0.06050352001796256,-0.3881163880608921,-0.11921772823285463,-0.030402988431058604,0.028313820869584314,-0.006201082456277542,-0.02358224837687084,-0.0221238934789831,-0.015086052339608075,-0.017910436101243602,0.009459580030816801,-0.0023782325374901024,0.018387227429683364,-9.998245291654602e-4,-0.043318279042521446,-0.003873458514105952
FR_39_02_00_EBA-2,0.4897758903435884,-0.25009156865861687,0.11262120480110957,0.19259274933161868,-0.024900057730527083,-0.03178130064627769,6.423883264176164e-4,0.032570102275207985,0.05016532729640546,-0.021999489551994426,-0.018012278811819108,-0.007463076584399318,-0.011952347390006732,-0.011836914802863367,0.0011263740275595415,-0.008427108435992443
FR_39_03_00_EBA-2,0.28007899770131933,-0.3114550769989356,0.02741586485063628,0.019272509630218367,0.008784673425852646,-0.03937867619584476,0.03435062214225054,0.006645533374320237,3.711962449002043e-4,0.029266769945410026,-0.0010630814729448523,0.018209244777933814,0.014573567284384895,-0.014093523891122126,2.944301421317287e-4,0.003117695025916138
FR_39_04_00_EBA-2,0.26715389749873025,-0.3041327670612218,0.025264795773768486,0.007971723831132465,0.026698372635806593,-0.01650695026125578,0.015743412928859182,0.015205752454989384,-0.0026521980156644026,0.029038829407543494,0.007176117730578593,0.008642006138313825,0.008303664030046355,-0.006454288825633417,-0.005823382187061436,0.010805188146494855
FR_39_05_00_EBA-2,0.20021378940967569,-0.21520726651519598,0.03599261198887058,-0.0438886938657246,-0.011351222660712038,0.028036086332877838,-0.024472663736268965,-0.0061697828089077545,0.00930407869958632,0.013150124019654858,0.010616877153566868,-0.0024408441474951803,0.010269213112348689,0.0076399422341089296,0.0028369929585142254,0.003998848091082627
FR_39_06_00_EBA-2,0.058506948646003636,-0.33436370307912067,-0.17583448873824387,-0.019685625855055577,0.023453228413681686,-0.005484761083580019,-0.02902560136974919,-0.013044300653943438,-0.029720204371623198,-0.025771715523114826,9.672519020241703e-4,-0.0031285790769777786,0.02125209852961735,0.006196936445960568,-0.03557908414219515,5.725304993491221e-4
FR_59_01_01_Bell-Beaker,-0.073347394787791,0.1266998375147275,-0.03884437522771905,-0.040454966579730994,-0.0711608425252145,0.060550157176798666,0.04138878429131538,0.08489094331124318,-0.02408719748102953,-0.02097798265312944,0.0105163311966366,0.030392371625200157,0.002735901484322401,-0.014541869530333705,-0.014117297862060604,0.009296350352788469
FR_62_01_00_Bell-Beaker,-0.053965836971121756,0.30020509983175137,0.034115682593203044,-0.00649215779200278,-0.03478352810150838,0.004343958680566724,-0.004384099748993884,-0.03335598777414848,-0.0272574845277843,-0.010378743876807832,-0.01018706034022613,-0.01787270477156134,-0.01807625893827872,-0.02471852948858252,-0.006903100492903636,0.011177902281502766
FR_62_02_00_Bell-Beaker,-0.00939884897774178,0.31717272400827234,0.06732950388810234,0.038313047533668744,-0.030169010306130773,0.013276886231335343,-0.02720246481452051,-0.03371708977906365,-0.028668871485657152,0.0020246150060174626,-0.013753352683308004,0.0010150665911436646,0.0018629428212538182,0.009604120351209505,-0.039922271943605085,-0.005236224240367224
FR_62_03_00_Bell-Beaker,0.01599071028610508,0.2779804148271868,0.03576310900575988,0.005410332216201129,-0.04745800463866893,-0.007023473500693281,0.023443578942562243,0.027589864260987224,-0.03236517991159068,0.003517327027411951,-0.007996916474716113,-0.008942248430355964,0.020599640303879486,-0.010601235208969368,-0.026364633636670274,-0.006051031780451913
FR_62_04_00_Bell-Beaker,-0.0867133263903178,0.1400095251967151,-0.02651411831724531,-0.01793476226406997,0.019192703037021492,0.04165362362776575,0.040729040988507735,0.01830969081340533,-0.0069227804543783,-0.022326686793119166,0.014957807047018549,0.0031606544163773967,0.007970404182580302,-0.012247805994453267,0.010526196680045957,-0.022146906690576826
FR_62_05_00_Bell-Beaker,-0.11870690301657082,0.18765014883558165,0.053924288068750104,-0.03131036617680513,-0.045303137487349175,-0.04863731086347943,-0.004529000375186229,0.05218129361400432,0.009787917797220068,-0.01291372752139342,0.012661475645732875,-0.017417630098202488,0.004983898787021829,0.020639863828687974,-0.007157211567366198,-0.004376062326114557
FR_62_06_00_Bell-Beaker,-0.12811172040907876,0.10368090076064604,0.08772575705432654,-0.047721722685688105,0.009475745648811096,0.010161221541083029,0.033151961295965475,0.04924132253066459,-0.01621343887151729,0.006035280220479658,-0.01997343777366336,-0.009905106655080369,-0.020676324145459966,-0.011347907106009698,-0.002292056720506615,-0.00427939656391864
